LPG,CO,Smoke,Temperature,Humidity,Fire
0.5300736653293363,5.124880284293135,4.649365701226488,44.63706148750493,11.818723236590898,1
0.6382172946831247,4.000906545539205,5.454664966414612,29.65825826332148,12.729345185588633,1
0.7155192967415415,4.938163390171617,5.706110631131115,34.46999842518238,7.657068032898119,1
0.5957217004820109,4.962328965719271,4.479756338576947,48.25221783976379,9.834888068916817,1
0.8871625172060733,3.35542211889436,3.743742700626632,49.35465266047296,12.068473796920154,1
0.6223472758209098,5.033959719550476,5.648363580857816,39.50436341806792,8.430330790478795,1
0.5914234944695109,5.609403006761948,5.559950071668519,48.92610171441537,8.725316498794152,1
0.543105962139901,5.82295838172106,5.64710167565806,35.06461572965247,8.070109588700683,1
0.8934809783956813,4.8217128046271815,3.935513445907564,50.00031417894637,10.248501963755492,1
0.8758420136661516,4.17855656794046,5.183177847361721,41.32376570522879,7.2868176803531055,1
0.5067213864708209,5.025492948049586,6.024764897967507,41.50899282987534,9.504459494645817,1
0.5861498351713679,5.76068138369674,5.919484758318693,30.999903985594383,7.6224743544917555,1
0.7118803928991047,3.446439608469851,6.019794460788636,50.97323581906621,10.087047543922711,1
0.807913636390485,4.161121053367132,4.497501899940861,43.37179113062992,12.28907333438939,1
0.6243822441842781,4.1607549518648215,3.916994779869599,45.945719738268494,9.604662813832435,1
0.5226103575640789,3.828502971100652,5.918172775493617,49.55241671472867,7.808619100497223,1
0.5241045754185902,5.043079968373285,4.860297117782746,44.43870330718183,8.697401362073476,1
0.5852069927262956,3.208667391855747,3.7159209345938247,38.6278732892844,10.92209906342348,1
0.8713798827257098,5.6741504501319175,5.189964102289037,31.492856801249804,12.996963909644116,1
0.6397585201521433,3.276739234077221,3.736771031310161,38.04445356217009,11.548555115205344,1
0.9065846261818804,4.165408127680553,3.78693670768057,30.06127997527098,11.164896752783168,1
0.5680685973154102,4.233790710197902,4.258494920816913,49.66661190629205,11.421198863867115,1
0.6703387560218338,4.732783232685495,5.145473543534129,42.653441093200826,10.20655471082266,1
0.5460916427717123,3.662875061048774,4.578908525950772,31.00380721470573,11.613079813028628,1
0.5114795367394733,3.560627176915189,3.766963505393484,35.23275889827001,12.782461868659434,1
0.5343751005233637,4.5202269385565845,5.323206564860596,41.86862661777498,11.271082288504632,1
0.6173580143477563,3.729504282136089,3.619628906825872,49.07314532353128,7.083857447118339,1
0.6976780729968207,5.5684581530943005,5.015696507411891,34.20313886479725,9.849917017271313,1
0.7992819852352607,5.134138472282133,4.363267201793226,34.89275630683811,9.58392636519211,1
0.5560882317033509,3.203540826455164,5.453349566420918,47.59161279765949,7.59930877780493,1
0.5408998769653738,5.304602525786889,3.767630706028072,48.150242012716646,10.599476426784518,1
0.5322619301161786,3.545673826812397,5.209922756042284,47.70220350460665,12.326709467821424,1
0.6171162109046504,5.5997362347710204,5.965608411437374,43.85434752928325,7.87669004181109,1
0.5710007636558472,3.494451653623388,3.75246838526001,30.573972714005585,10.046173084793647,1
0.5739678042097485,4.2181406824592464,6.003595456713824,43.068038365941895,11.602861509655034,1
0.5573138819195809,4.442559588502829,6.045108503725077,31.36095670869188,11.4470734120157,1
0.6736135735246985,3.9739706905171,4.597490827992029,37.09191240993137,8.39952508539854,1
0.7146700288079698,5.5692332073686455,6.477723544674488,31.721641717959947,9.284902565684328,1
0.8485571405636123,3.424270940790719,3.929409907781283,43.57497745737165,7.901034730957747,1
0.5938296011202223,5.624983880184075,3.982817195142608,36.09194684256721,10.17196777210891,1
0.8034065307446586,3.444330086715267,5.975436301978799,50.70282924202709,7.366108397068789,1
0.8124788619884258,4.274106753547803,5.5200812519513365,34.03376560419003,9.170818659835763,1
0.8338631133314944,3.556034897355621,4.085153562334671,42.5480122043007,12.927404075114357,1
0.6644408897107513,5.365830909036207,5.618073027141646,39.789714295343565,8.058271854848536,1
0.6189946163244546,5.577226958610794,4.847313412670007,30.18070268091037,10.290055979279945,1
0.5839888283442237,4.654304380810851,4.48708426761602,38.03384350208937,9.928782195947155,1
0.8598215928672628,4.479075815563902,5.780607129094946,45.06342674560625,9.30489778449522,1
0.7216292721103407,3.983643272171294,4.699353051308871,29.05483881669253,11.27821434988666,1
0.7806834296955275,5.103289178810735,5.6847476767410265,32.9001905691051,11.74486749048831,1
0.6095634755022977,3.5897331153007563,6.366997177253225,38.11289277172409,12.944113784002637,1
0.5003645528730614,5.247711907800078,4.672488275293976,50.870166493469846,7.831323929086269,1
0.6700207707809908,4.373531473583352,4.0732212353926505,32.96800262345863,9.487987743743762,1
0.816118999490589,3.4225253381484864,5.085247889781315,38.51613026825972,8.728508059493283,1
0.8491199771083562,4.537184721337985,5.153609518966494,30.27766793444786,12.147814655923783,1
0.7452797632625938,5.657992560833889,5.453853318722785,36.99905601985986,11.860209447195674,1
0.7296028016653228,5.096088328535102,6.159069016078929,29.18749239142392,8.833704416786288,1
0.8223623005070511,4.416506213613609,5.230728259400876,45.00018276368646,10.324619103251926,1
0.8452364856851848,4.790439994398557,6.326834003663993,45.25025075803769,12.933294814754609,1
0.8137956651413006,5.289748609348736,4.234420403311571,30.18565889029068,9.27067963340879,1
0.6405072871601206,4.56258988325561,5.250892925547751,44.16629123803403,10.455335462569336,1
0.8638670910751681,5.788543023338185,3.9048178344857343,29.6242587243192,11.150120456464094,1
0.8076118979054042,5.711693133964507,5.986320792152674,35.938276755224656,10.42804694490426,1
0.7565895003762081,4.97575496863007,5.922903149167681,39.800387840627465,9.93408848523296,1
0.6235442016250571,3.463167067228912,4.06634975337162,34.747819097539406,8.915829536090353,1
0.7151888014521822,3.803759753745455,5.084107744356393,47.36373483003953,12.178226120453374,1
0.8492920862764273,3.184300176653576,5.206704822341498,49.87833985543563,8.246737187226282,1
0.5473649639627368,4.349531956895663,5.022822949077327,45.49893513941811,11.523388566986752,1
0.7191377209010468,5.555912827446186,4.618257014888195,35.90722600013812,9.262651835438698,1
0.6504147834339941,3.204631707168591,6.199571601932915,29.10057669285784,8.55854203933677,1
0.7536193969408531,3.479603600550833,5.573631055002913,51.00305081490767,8.13468616877964,1
0.8383451056620176,3.397722192528408,4.229190778443323,30.564664944458617,9.351127938005702,1
0.7247981366228626,4.667113944891304,5.949852656950849,37.88091167753095,9.57613041392317,1
0.6834580278064153,4.771223524948384,6.396707409583777,49.132109263789225,12.746530868759097,1
0.6792400228677214,3.5685281433260423,5.536324489276677,41.3818919868958,7.725414522369962,1
0.5399909546756054,5.093357310870337,3.982527890157375,33.15810074103148,10.936737550585526,1
0.666549864709277,4.292272561883952,3.5498567331721587,47.06710210566895,8.294924372046765,1
0.5427843416929563,3.607491394574187,4.155795365287713,33.87663788122158,8.07708279409465,1
0.8968976098899711,3.7734652595007017,5.428356645659909,29.41114458008034,12.662357690926628,1
0.5298887926339895,4.05722054473569,5.53346717401643,45.52218029943339,10.287671813941662,1
0.5538185738153356,5.010538166312261,3.59480893970869,45.8923865686241,7.640754474953809,1
0.6739371832558755,3.2367716657580456,4.554262275307762,42.74941917918589,7.264251990912994,1
0.6570556294759018,5.2266606089888334,4.936688939336037,44.238327156506536,11.985936093303255,1
0.7620210006072018,5.790729321661544,5.231078721135497,32.677111582415804,7.603324430127713,1
0.8955043230493984,3.297676938982678,5.725906378946149,29.1422250613716,12.241623404754671,1
0.6258382364616064,4.544521813818027,4.309865661752437,33.68459625518833,8.422886549456212,1
0.6754689053461406,5.131019041815945,5.984703606662513,40.17413639060873,8.8845031065719,1
0.5624351979393656,3.9750550818919703,6.350979407740019,30.932611824867216,10.901629036814796,1
0.9051899116130204,3.472199544750785,3.684918310941229,30.80168838233704,7.285343854643931,1
0.76587128791464,5.442490691962135,5.605106331987798,31.310627036828897,12.524992345667028,1
0.7476134454369798,5.575840353448701,4.655758875816435,49.13081521999492,12.67781706999191,1
0.6124072961067206,4.418428925147115,6.403400690266878,51.974623628450566,10.157374873409642,1
0.8455525483999659,3.856145402042176,3.53022601881959,40.900785812719306,8.877695774867314,1
0.9037954661620152,3.8287521313480015,4.2297740704014295,47.73823396188055,12.29141356519388,1
0.7133580045869722,4.093116166987166,5.820278778243165,51.098140685131554,11.611828774168666,1
0.5564181344538839,4.683160125345941,6.306612562679144,32.15690435299096,12.3465238009291,1
0.5593040827254121,5.005903993332289,4.807523800016319,37.24353308220878,7.588884410035475,1
0.5252615142495102,4.054952601379329,5.061167356432533,29.93247813760012,10.786530434033452,1
0.7292147754547341,3.6049153609585183,3.8754894319961695,51.50485741644755,11.901531477565026,1
0.6950794636730285,4.025225952868165,4.291839365854635,52.054264214326096,12.710265619100458,1
0.7115642988831063,5.707740869658022,4.464436409894921,30.30353122421485,11.49066503062457,1
0.8700203500574497,5.6209547814188605,5.274174630102055,37.95316375562966,12.89383259142851,1
0.6831571316455007,3.664838054967239,3.714359274918973,35.79199625673078,10.971226833419044,1
0.7455948199153739,4.154964207548998,5.852059802593377,35.86784413519213,7.198704532003839,1
0.8278747973430282,4.120335857375837,5.584501153332367,45.228498994018445,10.360409232166695,1
0.8573878624280571,5.827720320517709,4.535768979881232,50.3068147228632,7.326394989929573,1
0.6267436283617726,5.412399025855078,3.8830910801418814,32.00643932280962,10.738698522339163,1
0.7173294047333366,4.851250338782339,3.900079033946276,49.63463170312304,7.491588054375943,1
0.845936169100324,4.272669059674519,4.152584886306939,43.036934753787776,7.030623716727826,1
0.8236911087501838,3.8028830405220817,4.699025154141353,38.93976965602916,11.199328936394355,1
0.6685037823022055,4.5067269981788485,3.8078266533167815,38.58031687795691,7.509375446032239,1
0.7853352061738297,3.818337786278354,4.8433442639282775,29.574999380984693,11.988737473939755,1
0.8349979524331925,4.8270554259383,3.929751684518661,53.22173426754343,9.054416511122662,1
0.601973295862854,3.369436858294661,4.252709933570566,35.8495019719805,11.017852739792914,1
0.5039708862792273,3.951584432903152,3.962946197879933,40.09992947679507,12.979108016099378,1
0.6072044297176006,3.181976243933601,4.080773156533518,30.80704616365992,10.23413520127722,1
0.7103532474221497,4.989213702292027,3.897173660740666,31.99716739469356,11.064283691298826,1
0.6345439230112456,3.874045768038129,5.36172893163103,37.69493099308833,7.6651156442320705,1
0.8943125337261583,3.632578624199039,5.624941430355338,46.79920339679722,7.252304731625136,1
0.6978690905693726,3.546715780391873,6.340152808590878,52.7306208001306,8.26385299145426,1
0.5831879412034353,5.228886026115816,3.9941051031925854,42.53301121874893,12.4585202503613,1
0.4923163992110555,5.291112389555793,6.311037764392239,36.34402963344584,7.579448740512637,1
0.9038876455150971,5.800957391181772,6.202025258185447,38.21807375807275,7.522650325077706,1
0.5165292083136885,3.166795575768476,5.507944113878455,50.44424407706195,10.170942884106962,1
0.6227153511292034,4.9032778572860005,5.496956992089675,31.79929740539453,8.2225136527914,1
0.62076388513715,4.677430025683791,4.935316641323596,45.85755056499338,9.238412232574142,1
0.7687712844807555,3.1745096222304108,6.34303363644324,32.139970890075126,9.105883719856648,1
0.5580279439960516,4.650441519318778,4.896223065181017,47.65537732796034,9.046702624956096,1
0.8486391775585974,4.062836243060881,4.772525726293434,41.70603309357559,7.120207887470805,1
0.6238429325224776,4.916870522897589,4.62772533047649,46.72863337713386,12.686610460114384,1
0.8078023298246102,4.838263200675176,5.197793177710396,35.098874836303885,10.885134102427596,1
0.5401778668883008,3.59978097496474,4.215035759528531,39.68762019934182,10.313881056910914,1
0.8673277085867368,3.841303444047491,4.934179399186174,44.63903663172408,11.162509991048926,1
0.5751592654864441,5.721491928810813,5.401308629107872,32.2680719657266,12.459275338363511,1
0.5924633322795481,5.847965207214436,5.863408035764974,40.18988786035175,11.020747620301355,1
0.6147073340303824,4.540059778691288,4.925649887037881,48.67209428015787,10.4456605375106,1
0.5959626715363391,4.393249682355752,5.833372421802513,45.65209552078781,10.43593377554493,1
0.746013435261931,5.828221488063789,4.288464960005775,31.97734292662267,7.241586198789993,1
0.9091361501730364,4.195887957090898,4.629682432779722,43.28130778252335,9.072045310132488,1
0.7567134542158326,3.3415563769736574,5.332342597325924,31.04393814603169,11.311514945634023,1
0.4940709617888449,5.832968900816912,3.667368642937379,43.09945868949965,8.571077101611047,1
0.7675484507924253,4.999827681699919,5.8910221196934325,41.4819266909004,12.968537156371529,1
0.6461866253540296,5.277294740390197,4.742355334229091,29.794059131024188,8.669422247217813,1
0.8191310003633546,5.797869653085121,4.600269654378322,35.92608740763372,10.255106642335004,1
0.691113466779906,3.529692857967739,5.558033560148626,51.16452303706511,9.65291338250997,1
0.5906221226986251,5.7671807398761885,5.810159348263277,37.78477621851866,7.961145038507825,1
0.8700293386716665,4.359206718105708,4.958234789314004,36.16741660554747,9.29076445905139,1
0.4933302724310826,5.014400288230938,4.303438036745054,49.93265392725812,12.134972713900376,1
0.5729957351296964,3.216039662252,6.375273864242013,36.24987771253151,11.052624548155972,1
0.8358139183357336,5.734255849822631,4.036013644502839,53.06429428483214,11.174409631750091,1
0.6363102262027598,5.184160402266023,6.352516292685604,28.803895556711197,11.271317496642062,1
0.6700867839117587,5.267427078582063,5.223303575365296,30.58594425341548,10.495414196222772,1
0.5975367247361528,5.223289031789088,4.23227600081918,51.04682024181489,7.71587667136634,1
0.6789371007376191,4.523880316360904,6.218333795775059,48.35675469118494,9.157593608922202,1
0.5109589332873806,3.968671165770457,3.6138760129802407,47.09682834025587,10.388925052940248,1
0.5127272763039462,4.820301370203682,5.944553771541491,44.37926580412442,11.483434762485144,1
0.5178445508043296,4.951381308183906,6.226997782421307,46.33507314164578,7.824891103017197,1
0.514745516853847,4.694769700658476,3.70041119388281,32.859514703693534,9.422465999296666,1
0.8937231412108616,5.561755515777094,3.700003696159524,51.96262059264161,10.31528136894061,1
0.6157864671269072,3.875067958707348,4.6978937787826265,29.326719598275137,9.34063771918508,1
0.6034935801932833,5.096880920000802,4.715449269496489,32.26252963991353,12.209874223613069,1
0.5126701318862946,5.194892506682751,4.73964785397757,43.91822300818188,12.205454845946935,1
0.8370206725913076,3.233720218092949,6.127771666721867,49.29307692470567,7.5785148214977855,1
0.7751269508019285,4.502332309995233,5.5963053567951695,32.25455839344122,9.351591906507734,1
0.7529008558510587,4.366286394517917,6.2702453362363775,47.44415273369259,9.40947418106808,1
0.6428670298732417,4.026712085632803,5.302302294767994,49.157542412953305,8.055462615029525,1
0.7785157836741738,4.41035359589497,3.6610445199145967,49.4611219883887,9.343865764384574,1
0.7308279924639461,3.1604737400820917,6.493117135221608,41.423972388819486,8.33748577211854,1
0.813786648140178,4.441888256771853,3.7131632884061943,42.00364291092856,10.158921314008271,1
0.9032938430684908,3.368806048431605,6.046436852281394,33.64355062305797,7.1358202556452754,1
0.6696837272186419,5.080679179488585,6.191607179507415,50.83910703637496,10.504214131466313,1
0.6392822143234571,5.481987237531648,3.635570890820469,39.88506692234572,10.55985110618553,1
0.5198286155748222,4.616486425417007,3.661789698435699,46.11548444166521,11.364950381687608,1
0.7354342368994624,5.639393786235276,6.248556670815508,42.53100960386517,12.130531136399975,1
0.6706397617238268,4.6909846760344855,6.186517676809249,29.122364795730245,12.091268402568923,1
0.6102300471121015,5.279717507982538,6.190180770889865,36.24672387711311,7.419842445943543,1
0.519827972437026,5.456300785604644,3.739896826520835,46.87088236154053,8.05438847175971,1
0.679368264475298,4.258092923246142,5.556421486795112,30.59964998238796,8.737403544342232,1
0.7577755485686262,4.71538963891352,5.623193067962928,44.966689671392224,10.191600934292955,1
0.7729409335133831,4.734535806783935,5.25257056384646,37.601581421422495,10.239930534077192,1
0.4961888871153149,5.363217436680928,4.2389722757505135,51.67752003114085,11.107223718880268,1
0.8042656467036494,5.7013954346106885,5.229645675651314,35.46803025505099,12.922782198992818,1
0.7727012954791144,5.031800744897824,3.663002804566084,40.14288065438665,12.834637241890343,1
0.6498328249072006,4.842085987190981,3.5725914182307426,50.58641616135792,12.460173246498371,1
0.5805244439482208,5.548847726051543,5.961078877170946,47.88536212898667,12.772713148774743,1
0.741933540104802,3.5884582583907214,4.538927021621244,35.19074790881511,8.609035558546324,1
0.6215123864071339,5.547287676366262,5.748281673420516,47.38967080450456,8.454905255707121,1
0.8707632903809628,4.114100364784715,6.12719199108866,40.76064727758319,9.076281633069756,1
0.6080496294443906,5.156510991344602,6.443003351818449,46.08961386486007,9.418671650455853,1
0.792167550196203,5.442094725993691,6.36100128637734,38.8926828832478,11.212246629264122,1
0.5374694188204596,5.155380132711439,3.7954133073627263,46.01697572613577,7.960886220312549,1
0.5239997831146659,3.764636628539903,4.451591528209031,37.34969108779696,11.4461155140704,1
0.7373366122555794,4.548911897604328,5.350970831143325,41.1973551818512,7.813367963961297,1
0.7350835112871477,5.092870320738567,5.609775833046344,43.7906467362266,12.081254611926704,1
0.5037841704986145,4.782732482826824,5.234497184736747,45.35326302528164,9.763879934781787,1
0.7593176674129217,3.932639106602233,6.274002007454356,43.600017264956,8.109915746960905,1
0.5776133793395812,5.683560506568619,5.435705318554074,45.69347515711905,7.376288471948701,1
0.5532196078503652,4.139541555585656,4.233892109012497,41.55525168178753,11.09494196957806,1
0.90156473265992,5.409427526235681,6.237804454252975,29.000062786452144,10.5916405475416,1
0.5280302188864395,3.853927264579504,5.482051127139045,46.80866271252783,12.794538646609595,1
0.7585557902310035,4.094886192553566,5.10863267348849,46.59864219254117,11.227926821725829,1
0.6712776288997508,4.278359058876636,5.755892686417026,43.84358645453497,12.116434237674891,1
0.5097262382011776,5.050121133384121,4.653759135056389,44.97021871695304,9.606347021026926,1
0.680538463688893,4.412409577437612,3.941276183458349,35.94296214299751,9.80023479541709,1
0.7548138741656165,3.5137988140248253,6.494522248955725,52.87684260993597,12.868122145476164,1
0.7945167673074942,3.41704631222687,6.186984994655569,39.74598628443251,8.407116588192087,1
0.5965678453281611,4.679236179512193,6.261186619864719,37.98372026120733,10.174776988447084,1
0.8467119777145433,4.311527335581976,5.6373566494405765,51.871290402374186,11.800525615800863,1
0.7529420217331189,4.352566435933133,4.592828784977297,46.146271150906095,9.588621088116628,1
0.6954417411388691,5.803007630160974,5.690203998291355,42.3728694949338,7.078182971647487,1
0.6398238887390969,3.492531863470805,4.0622456121376525,32.11803353048836,7.804179931028828,1
0.8256807250558963,5.697305137646802,3.665295720649945,47.81979374728711,11.349710226011156,1
0.6744269503848774,5.770347402764694,4.079671938268633,50.5292788013267,11.53447490061538,1
0.7841242873797313,4.114995377393535,5.16267722716109,30.341350611554237,11.262146291186507,1
0.7215730384444772,3.6152808541761936,5.253485996782021,38.42446726788275,8.695983665765292,1
0.6968763473574072,3.4147366964974744,4.743490891424127,49.95925321523684,11.605384827609072,1
0.6784653094511943,4.246788981217132,4.685427107919852,45.25178171904533,7.257413067078283,1
0.5655743525567919,3.420718436564361,3.8392482207580274,46.43974269572925,12.227634439632116,1
0.6718787804822389,4.982269807039748,5.330679552104951,42.86961866036005,11.652306202635646,1
0.5973590398515584,3.673664239398166,3.631286281519514,38.50640664681762,9.630363211206664,1
0.5994972293869312,5.311230097007871,4.544130580312545,32.89083517638099,12.38431472070152,1
0.6735315975638874,3.160737463801937,3.678072993248998,34.19051437651045,9.980433940662587,1
0.5321840479545742,4.5948730133698135,3.751263374294456,47.18840386470873,10.622149569014017,1
0.7528116061623265,4.861859608657922,6.023300108680307,46.10117962557853,12.356027795889997,1
0.709409409729455,3.686621043255105,5.95594053059832,46.849838403096925,8.66015447018918,1
0.8675023764363259,5.836726431139909,4.273288300649483,49.52405461259521,7.43179044249248,1
0.6011906452641941,3.2156183748010365,5.668856454102482,33.6119369267076,7.711626627088494,1
0.680971590592626,5.539461216433761,5.328556379634783,38.10993872399422,10.985557177669197,1
0.8564815012721623,4.831696407544178,5.900291672124676,36.32487048991138,7.875538915346514,1
0.5560583716420745,5.267824036196362,4.989585732936911,36.08778024305814,8.711548323561948,1
0.7351254737937486,5.246916262684692,4.645202545620218,51.60587809150198,7.096212656710719,1
0.902912342165052,5.57153657900009,4.966199265052133,31.737296599493632,8.20942848998929,1
0.5730882666679504,5.376979821042039,3.52220140519042,37.591421592112304,12.485399085718718,1
0.536917844531283,4.029825130531596,3.996947281397138,41.31665311129538,7.625536631282987,1
0.5654622412227529,4.911611623649439,5.817922072800297,36.17681496315079,11.46731667209636,1
0.5284126247590675,5.364153829615377,3.784509008117119,43.48068287850602,10.104487451948872,1
0.764693805766917,5.611274092504112,4.61825118214565,33.90010153830791,8.714194738348521,1
0.571841378473915,3.36082561565479,5.141554551262564,51.87629692824296,8.379492538983571,1
0.7965186954461706,3.382878176780524,4.285890439537487,35.596598913000875,8.561944653283389,1
0.8742167087181831,5.436799564205103,6.439875154268556,43.15674906456732,7.948078659109109,1
0.6880111170577308,4.682061133554887,5.599512059093491,49.23157851806293,7.450306536716321,1
0.8903946664474474,3.6782432816061936,5.699417465601828,49.894040896536026,7.942010283395739,1
0.5465526534146261,4.933200388354323,5.475657761023705,36.00723307348742,10.959690317035026,1
0.786496202407576,5.18541115997563,4.509817518984788,36.75330803682444,12.824023563942992,1
0.8606503210176591,4.0848609851623605,6.285375267425338,31.7878908766138,9.121553001701717,1
0.8285893998697288,5.560685030312555,6.08389771244147,43.03569437205346,10.695694386208595,1
0.8184610223380053,5.800835442675496,6.132371467641815,41.72868751364952,11.020984189004311,1
0.5400469078134074,4.162534753816064,5.651604827406381,48.66017059186348,12.270125861076693,1
0.6662552784087409,4.783517754770608,4.090458891088505,34.587101940192994,12.467210260134893,1
0.7734870015574995,3.673692563857521,3.810556059587381,41.33432551096124,8.724061506420068,1
0.8889846044299717,4.64016446209105,3.796896695839809,35.74131735332048,10.564353483650498,1
0.7174141522799913,4.787200214226393,3.804885977576432,51.78041271448766,9.194274291369531,1
0.6559902582158594,4.933023350408217,4.882472992484087,46.67372409082168,11.943127880668987,1
0.5930492679607535,3.1554427880375973,5.835042888471949,33.94240138715308,12.43485886545475,1
0.6666253942240133,3.846916477766606,4.287906739473036,39.10345913314352,12.990916942071406,1
0.6933057595293192,4.110257617850453,3.881945778325647,46.01553594056166,7.026154824403427,1
0.4982822323403264,5.0758157486255095,3.9152621400817824,51.03021987705294,7.8449876783228305,1
0.6133762566011003,5.501214857545671,3.850444353884165,29.577136837080484,8.579271307383781,1
0.4963161634864872,5.149897786799885,3.551155198561963,39.855470996531146,12.40885187327083,1
0.6819095527427543,4.555884750184835,5.503516736510112,41.993306950798,12.77511985561123,1
0.6406987509107522,3.523284337436165,5.596547567118331,47.92941693854989,7.598966227634907,1
0.6260337900788822,5.233605516805537,4.354639394597547,52.240311508317376,10.824767426904565,1
0.6467917068912784,4.58872595372712,5.690821759487549,47.78040453529425,9.578895038618995,1
0.7158076191946241,5.399898556104591,6.411625318947251,46.41004187322895,9.315171745018054,1
0.7638986086587448,4.089018630589154,3.612506871557753,35.961448137378696,12.517025171348983,1
0.7601119810252521,4.774760030655548,4.966717579495001,50.26166431572967,9.700598441803455,1
0.6297019397463877,5.52521525521499,4.244583275727231,51.18237224862044,8.854003077547011,1
0.5640006121261505,4.463606441698806,5.25251445377311,40.17467851236821,10.576896067082703,1
0.6172995718368419,5.077119220309804,4.370536675214024,42.548497095965885,9.206030558492516,1
0.5266026932641167,5.2037144184108985,6.496418240820709,32.559744684476684,7.407577477198518,1
0.6857544670071006,4.64253287174717,4.468934498046363,41.82151081426039,11.570579752349005,1
0.6808870971231428,4.2145523172433865,5.197708233466127,28.85278044385445,8.324422252667906,1
0.5221772545920075,5.80342019186171,4.586224474251589,40.933664016191344,10.901614481704456,1
0.5671534945475907,4.621781249521393,6.126764458688353,45.79642086846885,9.428312639818683,1
0.5951789076458712,4.932096811539888,4.746441505411656,43.07491744234454,10.684458881583971,1
0.7539876374483495,3.577625916727218,4.108711744975821,51.90721918543052,10.205367142273332,1
0.9050506613443524,4.704315494258114,4.422999675723654,37.402079831656415,12.676242877082688,1
0.8711347389715355,5.173530906465568,5.34212373919186,51.32289267148533,12.995896086600546,1
0.6179154748581763,3.2272531675313045,5.435399906608561,31.55856958455029,12.906623779612527,1
0.7872318797387766,4.04619723895954,4.485884612075215,42.128028318550285,9.76054516924292,1
0.5630510317450079,5.193184920651717,5.857193659310478,34.48781564904089,9.975941333565354,1
0.5541675729078874,3.5342836278392573,4.776210951645426,41.97145101681215,7.880680974172877,1
0.6000252543315663,5.837585433954895,3.9823403824168033,35.214306066266786,11.832404009314828,1
0.6744010791131574,5.414553449075914,5.01759672548368,29.805932386061677,11.38044878707305,1
0.5304784278673986,4.671995256615066,5.167158537971259,31.14821721258093,9.284089299263108,1
0.9052230460877582,4.820745329233732,4.420983946963309,39.20490013549197,11.175760916323252,1
0.5225207645769867,5.235045058905195,6.254790662062288,44.69500230020085,8.203616289704792,1
0.6109691185931768,5.016816742454053,3.772009993278493,38.79383744423369,11.47938318186461,1
0.9072417603058868,3.711516197279341,6.489176660991183,40.49445683638684,7.703381896941055,1
0.5284552118231883,4.998066968174225,4.4679224505805095,36.68399987625862,10.712612591116669,1
0.635938227947565,3.240044370167362,4.234718571255017,48.036638384990255,12.871514750386869,1
0.5256901609717264,4.736857406070962,5.721270402771499,35.02201157796053,8.314787665208227,1
0.9058225091712868,4.770606687616494,4.3993798002056925,47.259567201983145,7.329742467571787,1
0.7731571254076938,5.177450673503191,4.263076698952348,38.66266062540364,11.887565954084796,1
0.4957370907496887,4.144796766148531,5.046828416826763,34.561735382570376,11.725164627511544,1
0.603905524574966,4.623386403209967,4.690317275388305,49.95126905495332,8.685738437239017,1
0.5618588414797328,5.224618026530351,5.003644354667734,30.040880681209444,7.715491585611938,1
0.6514722297760562,4.650634502699132,4.344103245217732,50.65518608271765,11.051252498304168,1
0.5759378641022143,4.240505619015922,5.920470739798839,38.44861515759987,8.795263265963872,1
0.5709047617827363,4.379302432360976,4.262648459393708,40.53303446805943,11.368699208106824,1
0.7790265277453247,4.230338114845803,5.001085040871995,31.66958330086797,12.87465353104984,1
0.7591862167985077,4.49044036334782,5.223931931865711,46.85963108247385,8.58197373011269,1
0.8339809370377125,3.399661394837093,4.754763433733217,44.544411360888205,11.705139253925784,1
0.7448314161130729,3.7855079536339007,4.247675240799959,28.90171261527424,8.55794498031507,1
0.799959595019385,4.948019366755116,3.6161825795352462,52.67408456022298,12.66945889249482,1
0.5488013460713963,5.504964303208298,4.96096953015264,40.73725678267358,9.696856218739386,1
0.7529920546316773,3.737723384989616,5.871817317808823,51.16427653287517,11.045074658379882,1
0.7228521561208987,3.649390214581054,5.632134631088819,35.57159480260298,8.495332983515894,1
0.8116009677788109,3.628515035669876,4.415392741910866,39.51382824771905,8.883361516593965,1
0.5646757278762007,3.380817033725033,3.771602265396908,35.15740560255804,10.529774145551654,1
0.772296140581002,5.2704706526895135,4.971643871655789,36.84056232312296,7.381558079604238,1
0.6862233955903263,5.539912192034789,3.9006401265595656,45.853217939499785,7.902107330436861,1
0.5206753900335727,5.533411163791017,3.845154097131102,49.67278236212204,12.514893009604773,1
0.7152127278747596,3.890881197142444,5.508575235640208,41.776730267010535,8.36614008478029,1
0.5980989594746939,3.444543786448984,4.62874229067812,29.81872718232935,10.05238534424321,1
0.5969948545142977,5.6540723796377765,5.5618632485397,44.42180010909942,10.598018501897965,1
0.6837299370227296,5.00097479575942,6.458898420247236,44.14094912554051,9.026334580053936,1
0.65337696204647,3.1644951413398297,3.963403374285112,39.68438593754722,10.553104135245706,1
0.6117197107346324,3.5611302111854872,4.525152114256607,34.8823462283261,10.08602829614239,1
0.6915559172168332,3.642651089936353,5.426988189156837,36.051360300551146,8.673544173918987,1
0.7023007260214217,3.912828181154961,5.969634907539428,49.94503592965452,8.378419832288502,1
0.8591008892751908,5.179028819315009,6.329240391200834,48.250714949140594,10.462353298891175,1
0.4951684025180871,4.88427757171735,6.147107724339793,45.450129500808245,8.12843027545113,1
0.7436195069939839,3.483198794756184,3.876507177295785,46.86418295518946,11.966611983756817,1
0.5621963001475137,5.219895539856647,5.343494579674085,35.118356481947444,7.136103596047993,1
0.7411483970278077,4.4289358107165,5.300192583912094,52.97060685220255,12.59159550328594,1
0.7377632189479371,4.199970190244925,5.059873922162326,50.91463816028458,11.64982642842146,1
0.4942994902431366,3.722532388254223,5.345604274575869,41.92628237701141,7.365966022833346,1
0.5138847172668302,5.809690644075403,6.076906484875245,52.60945838913696,12.23007884920242,1
0.5983796534940968,4.2861534846466665,5.788320682139533,40.34109553642389,7.978881374892271,1
0.6343139752147032,4.636899049734147,6.222024807861999,41.85475909895858,8.176069739572638,1
0.75089365810538,3.399862927972885,5.776347857068259,30.22591948173675,10.49668300377838,1
0.6836645828908582,4.380033083008948,4.7799841263966485,42.242783214464986,10.021061235918886,1
0.6408198576581119,3.286002823103929,4.516144245124293,37.88598689570541,11.51696951515995,1
0.7631525693312737,3.6706823985595873,4.076613276238512,44.37818002653428,12.391942591051954,1
0.6123444263359618,5.277568476870127,5.311266638114142,47.52941403882004,10.316974658266302,1
0.5721328037813027,4.33615812301546,5.719782748518634,32.428605005816934,7.791995116662313,1
0.6062717131707752,4.804814870668067,5.812028934332761,35.14067323835325,9.25372612443839,1
0.5129270582172831,3.520768884451773,5.834389639271784,50.95534515310029,10.771645390679936,1
0.8149179006415682,4.557625445688238,4.119015408382318,32.2502032150675,9.210103288006652,1
0.6539171126378157,4.792476363647947,6.114583786360617,46.42106301512816,7.638039920911106,1
0.532399607099468,3.465090611141675,3.867701924180181,45.43938998350803,8.91046728784891,1
0.7900528456026085,5.648219723132325,4.025850388497193,31.713874938049745,11.1245812713362,1
0.5438929552216596,5.629753270824691,4.346298551959462,47.33086375294472,7.608225521874443,1
0.9048951631529254,5.186672637529086,6.228854151709287,40.53987417888332,11.00328721942602,1
0.8483215206939956,5.166756939503706,5.439395486318335,52.41989609678619,8.909877457861404,1
0.801145400798664,3.988075530161536,4.777155967683141,41.871146390453234,7.618897497590582,1
0.4906435564776787,4.986551922728609,4.245155163887178,37.289897040530754,12.532470386153442,1
0.8301479124119375,3.496064811125324,4.41036656518105,35.46107202618495,8.963850583814967,1
0.7048621393451139,5.5378816147634975,5.257141516077573,43.7685701289136,7.882902441702813,1
0.5413724301255185,4.629167788801723,4.615183374565598,49.39054676037368,10.464519240575711,1
0.840168904423524,5.1690815206212255,6.076574832039702,38.11029113774488,10.001410869955176,1
0.6385515909947135,5.546207988103893,5.822153474971353,32.088985716713175,11.580853428255235,1
0.6520737862659021,3.679942140801856,4.890131584139271,30.308691227062265,11.53932182093795,1
0.8143571020262774,5.078690626571342,3.7278352185958186,39.69099349156825,12.634884357335515,1
0.4900843884766653,4.060289954769941,6.316096841400245,41.98188501974275,10.651354360922424,1
0.5940904595076377,5.085687542738267,5.989417701665202,51.50506919240196,12.06252519754146,1
0.5143600620130082,3.875807298414717,3.7835617761148512,41.25933413466275,11.205504437331063,1
0.8415449769670661,4.523245644588494,4.064987488516826,42.18338212095264,7.216471876633639,1
0.6374129792185653,3.4522591773520785,4.773456813043317,36.91582711728424,11.601459117452524,1
0.5022151467503049,3.4952106958455964,5.383649327956061,49.36453626839122,12.15988204894858,1
0.7132166900078751,5.769276496275203,5.845573566303434,45.086509787022685,8.335242713864085,1
0.5096605986442938,5.713531452916037,4.698775844148007,35.877621523910065,9.116792059025784,1
0.6746360332972315,4.106173541622886,3.697973131172816,48.87061354074194,11.043205001057276,1
0.8419473372275128,4.442959877493068,3.6735045296943705,39.834265706144535,10.132928384376868,1
0.6001823649467166,4.051008894704921,6.067238148255585,39.602002662669214,10.514009902801964,1
0.5579548591278282,4.045578334342238,4.012453959858533,45.60181143275855,8.746228688826266,1
0.771404296391135,5.145051365271859,4.609168635938273,43.75192508560533,8.698162513537042,1
0.697227797476075,3.2722497498932284,5.799665368335499,29.858369891526998,9.208040454715835,1
0.6023934667931057,4.098440696995967,5.462610800403727,32.6964170102443,10.661986175620326,1
0.5329842110200691,4.80570066999621,3.6826558120267423,46.68360215794671,10.357923049250372,1
0.823084903624978,3.946077870233888,5.716683292829366,29.28134434216306,8.76352419277102,1
0.6733701595654175,5.008146961389119,4.102440541283106,49.66047677256381,9.984694700850476,1
0.6396711404165878,3.219758586550778,5.171234871682904,45.02080226674813,9.840380415154089,1
0.8730401892584724,4.304157880598898,6.26493640546707,52.13446822990469,9.214023796960694,1
0.5623949366928793,4.0249900759001935,3.8895319428620234,37.41695030043642,10.742497705369592,1
0.6017311759620368,3.809259905215687,5.110447360897542,42.73132766372279,12.04496058524981,1
0.7111651937531132,3.999657832340557,3.528051851662142,47.447053249638536,9.084678155749792,1
0.5829951746065738,3.3263692924743014,5.122511655223839,29.75352596824981,12.848028381990392,1
0.6363989924843081,5.184858736317506,6.194080116802553,34.15322676558367,8.891866030511466,1
0.7295010180093511,4.778547548640787,6.16777579598368,34.49591277650334,10.036514944386957,1
0.9080542713846554,4.794939824604508,5.904313846096579,49.59010120451303,11.654396245782031,1
0.5259709515330376,5.282802327052435,5.492622633394394,46.91289964868514,10.819074205497753,1
0.6471935683191822,4.508801632627133,3.7091152622125865,50.08507904446776,12.82454626798551,1
0.7920184513494697,4.195637586987412,6.155298752045459,49.473750873031534,11.71577645962572,1
0.881602991943114,4.796891508531959,4.226358656983536,38.358396107422,9.27999543253594,1
0.8605180243413014,3.872126721148751,6.455019497926384,41.89475086634233,9.174259544250214,1
0.5530834897056414,4.643581473078179,3.857631569896827,50.74352842837399,10.096831016402302,1
0.8609260614759187,4.756106195773941,5.589176880286049,42.79675707702565,8.966160177801816,1
0.7555841263650251,5.167035661479989,4.404721233979236,41.60451200108004,7.427896552127132,1
0.6643325317548288,3.16895327327372,5.496155734649839,52.84206775183783,12.774604621401137,1
0.5782140422343428,4.781609834060222,3.88048627012345,50.837160808000384,7.078052139085004,1
0.7996319093281081,3.592476874372204,4.757875944500101,44.01514916500852,10.901612223217676,1
0.5219799216404355,3.950445738965423,6.482019581261723,35.96210408969968,11.578807864141371,1
0.6252317974315978,3.291438915363056,3.703428005226229,37.71102174551298,10.657612371890195,1
0.7071060575364132,5.694543905849795,3.945331834823912,37.15349075806788,12.786909593982116,1
0.6903716341864379,3.544154098011933,5.0477859434648975,29.012428672318364,8.982102750344886,1
0.5821894325626042,3.7973499515319,5.8539129225757645,34.81113376024324,11.925635515229134,1
0.5626223635852933,4.203657226299336,3.5641829868550494,44.45750624614546,12.18763348324028,1
0.6516721924251898,5.150778061416971,3.770316056011625,51.933594037184434,12.52494955518285,1
0.8752260536433222,5.5685826915231855,3.886751375237416,43.65525960191899,11.8279032440588,1
0.7932996133479091,4.115359311811836,3.691331724877225,45.30078114825309,7.949772352851903,1
0.587181007859357,5.742058504435924,5.748841400647216,35.8239282962049,12.495724333507871,1
0.6090769008640282,5.369119460368196,4.473484372736476,51.27872193840445,10.529827396452324,1
0.8998527674154548,4.331372023122163,6.489955518340975,38.14588702909796,11.456689687704356,1
0.8955894818925538,4.092465919903279,5.960190554128101,31.94560905647624,11.745981812876169,1
0.6688507718239186,4.046412562187674,5.339421415855455,44.485636482610495,7.327324659935427,1
0.689239363729312,3.879353285790797,4.594145512219535,30.656221932833382,7.684184913708528,1
0.5414594594516908,3.692273059582871,6.170352824542217,46.927312075521925,12.941114498885192,1
0.7320208698808527,4.905696701818032,5.4732086274114815,48.780838711044886,11.666646357797667,1
0.6271118360979673,5.595445960853873,6.446362405331356,35.17706221617132,10.924011799177697,1
0.8157432818302497,4.81441497288772,3.789588408219817,50.140390615276274,9.566856271726513,1
0.5169691901332004,4.8773241974080666,3.860032517044659,50.65026364454456,7.705062039902409,1
0.6654495851374789,5.770045039815025,4.063671133134374,46.57311165739485,7.369117935061642,1
0.5498605528676809,3.434107995098725,4.8555192313699616,38.09924630438242,10.852046871200963,1
0.6163450720064615,3.635972531147,6.215393356944936,42.11294426041998,11.905358527117729,1
0.5679288332655714,5.541347676530715,3.5529387887520825,41.25071315398643,7.14023922800159,1
0.7688219183932349,3.899428895011651,5.883467163219683,47.45996423810454,9.42022294101278,1
0.6535969826237875,4.822159616962385,5.263732489516445,37.44844473759851,7.963044785235157,1
0.6970645479536786,4.415275931719966,4.800501987128802,44.89750526007296,7.155882177132771,1
0.6280752021046427,4.191883640836812,4.896735912155377,33.00767775449408,12.741669578390155,1
0.8238612890366624,4.421534309970612,6.143478231496453,32.8628219297818,12.348745317009325,1
0.8019088209061964,3.4310215994324187,4.360572912818463,41.765928792820965,8.904029018850753,1
0.5016240516996391,5.380196630477672,6.295435262713417,36.38974151592011,11.680435024357262,1
0.5637796283044502,3.935417497998565,6.049381772026464,45.22881210292274,8.714312618239598,1
0.6165025392038638,4.006713348269825,5.323680036261826,32.12649796796221,12.714638432739957,1
0.5299168199952057,3.484014992296559,3.912012936192064,45.53807957489468,8.271035242462592,1
0.5422475485146853,4.437849130431772,3.7839388761403816,47.75620140943392,12.518228161684512,1
0.7405626793855666,5.028175621689136,5.766809697971125,31.19436013501516,11.413682448859298,1
0.7455698141754863,5.379598165781512,5.603036263943718,35.481367795337654,12.55864166214143,1
0.4900414190999567,3.1908149041092084,4.248589378574656,31.972002091434945,7.536084607871745,1
0.8386465642729807,4.366690191957192,5.7292928186525085,30.57348219394825,9.568375357348756,1
0.6037081840248403,4.169905435182357,4.143221717621855,44.013108984321946,9.051255755249304,1
0.4953628052540426,4.447399395926039,6.153592513744904,48.92127059725208,12.352619372583732,1
0.526234753306986,5.40220963750661,3.5456569793383634,49.151756256747895,9.943394547503017,1
0.6566813882348299,3.861944664734577,5.561711593277154,35.56837394962481,7.08391496702133,1
0.8556561558963007,3.809375328882792,4.17094668481416,51.556331998807366,12.320564944614388,1
0.7641864479469839,4.040907750207884,4.084012131592627,42.05688629879542,7.6637342941397,1
0.8715856899003119,5.688748770016431,4.556904844979764,33.09002360271462,11.434187998404957,1
0.5288687879472267,4.718540372579003,5.351492772764617,43.70599383248575,10.230232471592474,1
0.7496183174260993,3.1885298059251093,3.700424545448032,45.32946561041798,7.136836569095674,1
0.6577970334179102,3.942743368337185,5.912750066945609,34.36649065378219,12.821861858757751,1
0.5500736590637997,5.604278910931483,4.587765255434694,43.99496257728327,9.062788346727425,1
0.511722567031338,3.9539307416848777,5.0984780341285685,40.30799117094398,10.044609933883986,1
0.7731196774390298,4.258352238409183,4.577459044075634,51.34856818836185,8.900229142141274,1
0.8019203464832373,4.393274907523819,5.070880679567796,41.109389936028485,12.554547531632402,1
0.5067141781392643,4.52119082905902,5.309025296559579,51.86788273013956,7.0562557308286245,1
0.8431939208036547,3.520586463203362,5.200559417451058,41.89858893620869,12.030052247079752,1
0.9009016285766904,4.6033265878219325,4.567722087544705,35.88767092112009,11.400993336443465,1
0.6264646158227956,5.761135201968621,4.437760455410233,35.18879151745746,12.716563643482312,1
0.5716278172978055,4.560887488694001,6.046788869916834,35.92764979081327,11.956937619055024,1
0.5584456937855938,4.291976161531867,5.1599782843132855,47.65414418440732,9.641783680494598,1
0.7123370815187295,4.777587886748552,6.1055391431449415,52.172507232025566,12.097715333606509,1
0.7713728296470169,4.19495645014959,5.1811153378808426,52.96280451439675,9.82328382132335,1
0.7073551531500651,5.834329873379191,4.702565113164849,45.07506951015404,12.365916556459268,1
0.5625012908723854,3.854922979780371,3.728689621030097,52.44332676698389,11.61006888363989,1
0.8765490308596791,3.16209544181386,5.573169798925361,44.87752432097518,12.398343155216065,1
0.7656102282067688,5.45110893080243,4.175475212325267,37.189825738310695,11.7429052385247,1
0.813414381394899,5.415394624919464,5.863577220751667,48.61415611812756,8.83050673286973,1
0.5482025188459164,3.295522197821797,4.258916842513878,42.29679385496517,9.411559660974492,1
0.5502502605325531,5.172754113732702,4.693488196229173,46.23448501393859,12.754721380306622,1
0.6408172854164261,5.703642905014448,4.328538628227789,42.57338798896685,7.599841124457718,1
0.7473997898780625,5.071816777344584,3.76322650345095,34.10368069833653,9.399634827790823,1
0.8786470020155815,5.250005350004417,3.5651169637977485,28.963769750613977,10.82145307866364,1
0.6359630001092753,4.36517403000246,3.707000163461037,50.349147613714045,7.844320285417315,1
0.7011771178222342,3.389343044651292,4.426830510557405,36.27582885551719,7.234397346103871,1
0.8236583615724397,4.202497730934109,6.287509822286713,45.26036200715039,9.220273204878978,1
0.8682919897029218,5.2485955445406045,4.955254881750294,41.10892398355593,9.94365802753108,1
0.8916639018498924,5.584868271533695,6.085481977356312,32.87758579483408,7.450267164908824,1
0.5272416183144598,4.648894701399755,5.67257681093823,31.61429656475465,8.791782947459115,1
0.8901586553370637,3.154309471798687,5.340950873823921,38.42040773443503,8.599910639082196,1
0.6998062214776293,4.9161742811060805,3.76145330008331,31.41695562955367,7.76353998904584,1
0.564246379465456,3.215397670670632,6.364588225932642,40.937115437276894,7.09601611684456,1
0.8113763903457022,3.811765411564758,4.215616897934301,38.83113152756032,9.28740655676478,1
0.6197275602190169,3.5975896463096557,6.167839422112447,32.532307337312005,9.6535551643181,1
0.5791942687195588,3.2117846106102457,3.858867340875897,47.21726508203552,8.623630550450269,1
0.6750385371758041,3.3015624148715688,6.439490962884984,44.782156048691576,12.05334096450722,1
0.516845051441988,4.831173343445969,6.483291516006592,33.6489478398268,8.726752961392725,1
0.5581343601605933,4.954532650845789,3.811806093474908,42.30244135425569,10.224487334074295,1
0.8083781643983758,5.232915586352606,4.310593691161353,40.38686261920833,8.769482299956563,1
0.7053650313150831,4.896938748456424,5.629513035286953,31.09423150026559,10.315835257452916,1
0.6427945649894531,5.258700782559524,5.651489884208198,46.06822563196226,10.763683177373728,1
0.7644403723326504,4.936108379261642,4.218984078453461,44.32381006474913,8.116251332122161,1
0.6220504276204901,3.159385019730082,3.53860365876946,35.52111466373471,8.426647786286898,1
0.543948446050798,3.419946415135781,5.837591856466847,29.53020949209716,8.2234475223941,1
0.5453951025821536,4.4880868485493695,4.492115192199336,42.81653608100879,12.554394562892336,1
0.8343233919957084,4.764395500422652,5.329707200573581,37.95925451481288,11.85730060295788,1
0.6364730292163376,4.248349404084163,6.397242340560127,41.97564249110315,9.356449009165967,1
0.8832367059578994,3.890847867881559,5.765603873186685,44.11544971145069,12.852287684061174,1
0.8526631724625972,5.328467770740058,3.739189092230233,35.91903747986704,11.315426196513744,1
0.6317372725354135,4.452321049534802,5.136092918128585,47.09456688376455,11.59731612440338,1
0.6488536956831406,4.633268453514677,6.319053209199859,47.686000754647935,7.061193570571609,1
0.7948275189032414,3.961456218841424,4.157096920457575,49.27221133186484,11.15661342755007,1
0.7731460626003613,5.838699879957511,4.758122661262365,30.305747334515573,8.47012603021965,1
0.6284892945830874,5.778207046847786,4.503926378304286,30.43801202470534,10.014994270366897,1
0.6457671985927179,3.655279512630286,6.2841478926757,34.4515433420577,7.619917658210785,1
0.753261607946106,4.383414137948589,4.645893675598719,38.94208275849304,12.640338735539132,1
0.5871622323408429,3.405804871093049,6.25394705853237,47.88415728288354,7.833394352571287,1
0.8144617871869029,5.521801998948999,4.142047078829764,36.95438184595804,8.33673257534572,1
0.8920915917971179,4.676301844616541,4.380958938889696,35.019299670031224,11.07827271416036,1
0.7672497848314153,5.794822332560229,5.295693333030918,38.24847737530871,9.116601077181668,1
0.0,0.0,0.0956733062131368,35.338163085089384,44.42363415304368,0
0.0,0.0,0.1105894198140759,27.262278352577773,34.81221831684205,0
0.0,0.0,0.1048714418783866,32.955150207775795,27.01392420042997,0
0.0,0.0,0.1138504576950871,34.91583124759131,35.49224052854268,0
0.0,0.0,0.1198845779851087,35.275212806854874,26.51451033116088,0
0.0,0.0,0.1132387547789062,43.09684539961868,47.05489547384906,0
0.0,0.0,0.1234460955830605,39.57359591806965,35.369479495150344,0
0.0,0.0,0.0713619688699834,43.17379278197466,35.476298780262155,0
0.0,0.0,0.0938803171613529,39.30717354364853,45.56642118855083,0
0.0,0.0,0.0847100224088736,36.86869815925108,46.58314989766642,0
0.0,0.0,0.0976379289079207,43.62222056984579,30.819133668173865,0
0.0,0.0,0.0737066043653228,24.43004991331242,26.62316362501098,0
0.0,0.0,0.1123321574312184,41.912002794037534,36.03443731585128,0
0.0,0.0,0.1010911851732812,28.77424280163888,27.01347451938957,0
0.0,0.0,0.1234693357731744,32.233705234252334,28.75902415900345,0
0.0,0.0,0.0769223561506675,41.35881308454727,42.42033439487839,0
0.0,0.0,0.080767950587244,24.65865160754848,40.508033640420365,0
0.0,0.0,0.0760031051880841,29.31942063381288,42.64434059795581,0
0.0,0.0,0.129458152163953,40.740922440255126,29.384816018306005,0
0.0,0.0,0.1058213288126865,32.2639650943979,44.55326533019159,0
0.0,0.0,0.0976106723975828,38.981064953377896,46.86585270953712,0
0.0,0.0,0.1003479723756577,43.88396941670853,42.05881875688473,0
0.0,0.0,0.1227254277491314,36.84992472311456,44.245802598529984,0
0.0,0.0,0.0847636250346406,35.22851635143668,47.92461226349216,0
0.0,0.0,0.1124794754780788,37.4594831316799,30.258817669401537,0
0.0,0.0,0.1294040349720522,34.42949305165791,26.094627055676217,0
0.0,0.0,0.119329046344584,26.923945146608297,42.96420026824367,0
0.0,0.0,0.1171359180831755,32.049913865557784,36.56345320407538,0
0.0,0.0,0.1052115320099469,34.40310932427018,38.41097752108091,0
0.0,0.0,0.0894389049213666,40.93896560135562,47.03395610451905,0
0.0,0.0,0.0877286728301345,32.38121722955059,39.132456538550855,0
0.0,0.0,0.1285136231865894,28.70072477747602,29.064603566205733,0
0.0,0.0,0.0807611036960963,35.57205729019461,36.70945210502993,0
0.0,0.0,0.080359709357147,25.738379198404303,41.17994674048728,0
0.0,0.0,0.0717057480682767,41.25503789623817,42.2190286434887,0
0.0,0.0,0.0931752310076935,31.24473990397592,42.29269600550951,0
0.0,0.0,0.0824922146291216,38.62080676200005,44.37793281012293,0
0.0,0.0,0.0721861826119186,32.76383041396661,34.649364720501644,0
0.0,0.0,0.090775401607139,41.48316883806703,46.93281953612528,0
0.0,0.0,0.0858922692433718,36.51762541646436,28.792735813143715,0
0.0,0.0,0.0756862129055495,26.32457968495845,29.48523235966345,0
0.0,0.0,0.0937790358742334,27.61116971775692,32.735606373250064,0
0.0,0.0,0.0910185991223016,40.16279300191698,32.78562865914423,0
0.0,0.0,0.0971451225302337,33.11760473767133,36.01965976801415,0
0.0,0.0,0.0710779178579726,41.85911041055479,39.586074363270775,0
0.0,0.0,0.1165225795950025,40.704278091202944,31.20422645484534,0
0.0,0.0,0.1152079073794676,30.19221157369748,31.17830289331135,0
0.0,0.0,0.0913385600736497,25.837043828230065,39.10887363509662,0
0.0,0.0,0.0946013980525491,35.944346156600865,44.26138769293136,0
0.0,0.0,0.1191094566246781,40.87639872013861,37.270736529586166,0
0.0,0.0,0.0908047257720764,35.29143725139924,46.02686520114779,0
0.0,0.0,0.1216754138244162,32.173422564218114,38.03852211849938,0
0.0,0.0,0.0927202509332347,26.970124939445025,45.93624573964997,0
0.0,0.0,0.1115006378624188,36.24926733488861,31.409374304042107,0
0.0,0.0,0.0714529038602203,31.13208416763437,47.959931404638205,0
0.0,0.0,0.0869796661512516,34.71947602397906,41.6889190373345,0
0.0,0.0,0.1125537376976389,33.169951677127045,34.49689777157769,0
0.0,0.0,0.0954771495349262,25.76232116842864,47.93319315410787,0
0.0,0.0,0.124313108841601,33.65906024758284,31.314257372530008,0
0.0,0.0,0.1124987159589062,24.746324754900087,27.95405945574998,0
0.0,0.0,0.1143604501024345,41.58445695061128,40.858376054962434,0
0.0,0.0,0.1146093330426416,27.840264786078222,39.541178751765855,0
0.0,0.0,0.1204413085543072,28.021267117462173,47.777945267598106,0
0.0,0.0,0.1263243469765987,29.672775018532093,29.92282754747003,0
0.0,0.0,0.0906416433898036,24.396922068710744,30.212753230539445,0
0.0,0.0,0.1166253044107281,31.831617435223816,42.699846165812886,0
0.0,0.0,0.1111714446124933,25.494994632200168,32.389974885687174,0
0.0,0.0,0.1195375517956106,33.859306543853606,38.94370388998664,0
0.0,0.0,0.0973552146614102,39.22404617866088,43.64921586799907,0
0.0,0.0,0.0981566307685889,33.56686499861305,40.65746921736677,0
0.0,0.0,0.0821158113533848,24.88312916183405,30.555866153864805,0
0.0,0.0,0.0758300475612335,39.30399710101294,30.705714539355945,0
0.0,0.0,0.1070424518103315,34.03052696287223,44.10429439457817,0
0.0,0.0,0.0835715184536591,31.406457106736504,34.727644704411084,0
0.0,0.0,0.1195509752749082,32.676847542729774,45.52034593242993,0
0.0,0.0,0.1017198073519005,24.40342620128363,38.718039061156816,0
0.0,0.0,0.0951839165860325,31.69251877035243,44.94728832964483,0
0.0,0.0,0.1168761248702572,40.60470409440437,46.80593920815777,0
0.0,0.0,0.101384923707058,37.42749874412809,30.63485580987452,0
0.0,0.0,0.0856049227010618,36.71538519096081,46.902062107878365,0
0.0,0.0,0.0719514465578089,35.965299161400615,34.97727726339096,0
0.0,0.0,0.1177632251202208,36.24880863103902,28.27442607130544,0
0.0,0.0,0.114715270956384,39.2117185999506,28.04813120360229,0
0.0,0.0,0.0705849482043098,30.196247118203324,42.93624544905458,0
0.0,0.0,0.0751744791175541,28.62886242989632,32.58571162801132,0
0.0,0.0,0.1139068727093027,27.172428608166047,27.58574952201405,0
0.0,0.0,0.1135662203701724,39.31935562543909,26.506494474901224,0
0.0,0.0,0.0895488431588678,29.880041327793872,30.35155122046298,0
0.0,0.0,0.0930101341943557,32.82636452212049,41.61836195790258,0
0.0,0.0,0.1246176496770913,33.83725338636122,40.54473677235871,0
0.0,0.0,0.1135053002010196,35.94009099816103,30.140394854989182,0
0.0,0.0,0.1033678938054844,35.83417464682311,44.5663446212689,0
0.0,0.0,0.0731869124872813,36.93248582066536,35.970117475968536,0
0.0,0.0,0.0739158808783078,31.92893036010204,39.051139786758384,0
0.0,0.0,0.0980595709412399,36.220724158951946,45.541767487203735,0
0.0,0.0,0.0724721227145666,34.216980833875155,42.30576515193663,0
0.0,0.0,0.1196235457573528,33.5954846552474,44.26640356720662,0
0.0,0.0,0.1182474921564367,23.91854152865001,29.156656211523558,0
0.0,0.0,0.1127662541107809,38.5097606016268,31.72481664342058,0
0.0,0.0,0.0931939053612071,41.75075649821636,46.03964004167889,0
0.0,0.0,0.0735595563570651,42.0757244858033,44.86483876760379,0
0.0,0.0,0.087137517162251,27.318400155679143,41.805797938912505,0
0.0,0.0,0.0741423887039131,39.88661353809738,42.02604454326153,0
0.0,0.0,0.1251163775048623,24.15019897390529,33.93402234343715,0
0.0,0.0,0.073133462899344,35.2150170138826,43.24901403615104,0
0.0,0.0,0.0961866903580971,25.776420911566884,29.754103981145875,0
0.0,0.0,0.0830527979691657,36.18391206409788,26.14203713711964,0
0.0,0.0,0.1229563391270401,38.43915352558525,27.195502657380985,0
0.0,0.0,0.0981586258636216,29.173707495546655,31.886954961945083,0
0.0,0.0,0.1088535706820201,34.890065485994135,27.366096725833597,0
0.0,0.0,0.1273907991268799,37.14665985454476,31.669458335688752,0
0.0,0.0,0.1051157212088853,27.64237199058365,42.24633447266312,0
0.0,0.0,0.1216432167443981,36.30662312157115,39.42782207905257,0
0.0,0.0,0.0793564780559572,43.05487756684433,31.783613498593603,0
0.0,0.0,0.1052587956352281,32.0334213313692,37.686894211798325,0
0.0,0.0,0.1097663150401833,25.10175748362484,31.61178711664421,0
0.0,0.0,0.0841757509343071,35.41139471022158,34.263440228203635,0
0.0,0.0,0.0933227243111214,26.669717537257423,37.92603521912614,0
0.0,0.0,0.1239926238564106,38.1522481899364,36.11229869367552,0
0.0,0.0,0.0826861474597264,24.39166462380618,43.74665976052917,0
0.0,0.0,0.1120110606535621,27.31352390028476,33.62908694327787,0
0.0,0.0,0.0872254484052727,35.64425824425498,32.87004676267022,0
0.0,0.0,0.1106363389529443,36.29645335474908,33.30152634270404,0
0.0,0.0,0.1138554714193693,40.58971038944181,43.581451949913976,0
0.0,0.0,0.081881047195936,34.79569827178377,28.979484518310407,0
0.0,0.0,0.0961517493453483,36.64021593880498,32.83339741095408,0
0.0,0.0,0.1138198812296397,33.80460539522298,41.056748747193744,0
0.0,0.0,0.0734271908618149,42.151950343388044,38.78952083346706,0
0.0,0.0,0.0751129866429824,41.42582486154917,31.127122918834853,0
0.0,0.0,0.1144655454577143,32.5961385701062,45.17319757874111,0
0.0,0.0,0.0817514097474289,28.58235074752473,40.935771204279625,0
0.0,0.0,0.0953724821463464,25.77850087705116,45.560277247022654,0
0.0,0.0,0.0721821944266275,36.79883246855675,47.59619518977705,0
0.0,0.0,0.1003411281475879,28.23780779838602,35.27828341448844,0
0.0,0.0,0.0906758142500298,30.539411940477624,43.38449999277684,0
0.0,0.0,0.0942400826002797,43.96327517140227,47.38245182535659,0
0.0,0.0,0.1258285558560868,37.87669350005098,30.2236185622806,0
0.0,0.0,0.1095225349871794,40.35321996095934,32.21608352723573,0
0.0,0.0,0.1239473740436963,33.90793602855702,36.734802503773935,0
0.0,0.0,0.1052540239639456,36.3566465167454,31.852551339051274,0
0.0,0.0,0.1258506102524359,28.764906123349878,43.4776390843079,0
0.0,0.0,0.1082760302733101,31.502356994283037,35.342595291135225,0
0.0,0.0,0.0706444312214254,25.04673161711078,39.85848174362371,0
0.0,0.0,0.0775174414485554,27.052551388738955,39.7839088674757,0
0.0,0.0,0.0771606476607402,33.167460317903185,39.46049851624319,0
0.0,0.0,0.1003960772249931,25.60526534839002,36.4610533956765,0
0.0,0.0,0.1287797399292474,37.497295632899935,27.35629770367141,0
0.0,0.0,0.1266206683209989,36.19794334420438,37.75916565976165,0
0.0,0.0,0.0715790187180375,39.030243678677344,29.29401975707309,0
0.0,0.0,0.1291877334396375,33.44893662820565,36.7414403741302,0
0.0,0.0,0.0729866902278742,31.79284135769626,29.43901156562778,0
0.0,0.0,0.1288715751125927,29.76707403956032,36.01008402398241,0
0.0,0.0,0.1038517280886552,37.772007784663074,38.59286122651196,0
0.0,0.0,0.1160401458047477,26.03204640025617,39.12454329323882,0
0.0,0.0,0.1168327179188947,23.934220557548013,45.1411421719016,0
0.0,0.0,0.0760969450590847,40.39503637417979,39.591285169091336,0
0.0,0.0,0.1075693482225648,32.32789860818084,38.54507600124929,0
0.0,0.0,0.0740137727876487,30.693836243067494,42.5182023710309,0
0.0,0.0,0.1253199059489958,34.84133990819822,36.710937390273735,0
0.0,0.0,0.1298507691294542,43.8655892697079,26.559647971031097,0
0.0,0.0,0.0970184279409254,31.59405056903101,42.96905005013331,0
0.0,0.0,0.0905585372199944,38.77657809900552,41.64237220506027,0
0.0,0.0,0.1223303997270366,39.94352231031149,35.495689240896986,0
0.0,0.0,0.0923794249123339,43.64428256945155,32.40539712017144,0
0.0,0.0,0.0795921539961574,41.72575716356673,30.419234437102126,0
0.0,0.0,0.1165584879146304,34.086863994885654,37.73049504134615,0
0.0,0.0,0.1262339819061226,43.76494438523533,35.977995030167115,0
0.0,0.0,0.1147920833696506,41.18283935052193,40.5164650543404,0
0.0,0.0,0.0797279607556573,34.45114810196724,27.880062319155293,0
0.0,0.0,0.1151476614364105,34.77256565510341,30.86897868593242,0
0.0,0.0,0.1136322575315862,31.791911143375074,45.88589186410954,0
0.0,0.0,0.1044402524087492,40.16615907515638,27.726087317035336,0
0.0,0.0,0.0996775332908525,24.64298727545109,44.59760832778687,0
0.0,0.0,0.0772434424228015,25.04086443810419,37.165314462124485,0
0.0,0.0,0.0952479565388791,42.19684212835946,40.37205077758421,0
0.0,0.0,0.0865068107665039,34.553316484979,30.753514412734354,0
0.0,0.0,0.0710702482049606,36.498757982965685,40.99514195430345,0
0.0,0.0,0.0822147161638331,35.15988004482954,38.24318370135239,0
0.0,0.0,0.1299424736613728,31.500710723383484,46.74686940847901,0
0.0,0.0,0.1060541418530486,34.56244468334177,30.76461508352976,0
0.0,0.0,0.0879805966548212,37.39572393834984,45.33926868460488,0
0.0,0.0,0.1136303101189557,27.12398991103236,38.213122318567095,0
0.0,0.0,0.1101862509245841,32.48283078901854,26.64983777178265,0
0.0,0.0,0.0963599112493081,31.26653133530213,29.605425008348384,0
0.0,0.0,0.1274371719505731,40.1466202024632,47.76111182542432,0
0.0,0.0,0.092005254305668,38.34697504881128,35.588273479857165,0
0.0,0.0,0.0759939867808863,39.96101594237653,31.646525779651945,0
0.0,0.0,0.0962161574833748,24.210582658648207,36.34946620597746,0
0.0,0.0,0.0716318286219385,35.69413753383662,42.77490723977321,0
0.0,0.0,0.1146488071904771,25.423695920222077,32.80914906708631,0
0.0,0.0,0.078807146509112,27.317862435386377,28.529995068031887,0
0.0,0.0,0.1008178735818749,25.012254299812067,32.11146769242115,0
0.0,0.0,0.1175697664949266,42.90584612534265,47.90545827489884,0
0.0,0.0,0.1205023548489891,33.16214927191539,27.832226534519087,0
0.0,0.0,0.11501132830888,43.77079963255924,32.162066402123294,0
0.0,0.0,0.0844362205116157,25.62892064759797,48.0403811649605,0
0.0,0.0,0.1295755321887385,27.013670128562964,45.0270447218812,0
0.0,0.0,0.1097700878381737,32.80684795934257,33.00275911579057,0
0.0,0.0,0.0796036306440738,29.87917499292364,43.58153516734696,0
0.0,0.0,0.0993371516860551,33.18771890842398,45.45134887699897,0
0.0,0.0,0.1140097152696983,36.56354369092521,35.4579488866129,0
0.0,0.0,0.1241776077192328,24.97924410474756,37.82761577994468,0
0.0,0.0,0.112673098320295,36.30687418470501,44.552712106332805,0
0.0,0.0,0.1167722144996272,38.40073773031955,32.69382439850817,0
0.0,0.0,0.1061622506666963,25.97485664066893,29.013729733239963,0
0.0,0.0,0.0896198060297159,33.51141779885349,46.69824740467631,0
0.0,0.0,0.1204320168177093,36.42356561484933,35.928758003581855,0
0.0,0.0,0.1161977702566559,25.94855201241437,33.589581875967575,0
0.0,0.0,0.1245690840056673,31.38195891920967,28.91436776492863,0
0.0,0.0,0.0927306563614422,33.918358486789465,42.65772593105595,0
0.0,0.0,0.0710281275715693,36.72886147766291,33.03438956868371,0
0.0,0.0,0.1107068426989237,32.31025983609183,40.3300591290055,0
0.0,0.0,0.0928182133966027,43.37323754685756,28.98651364887353,0
0.0,0.0,0.0814365768858915,24.17775483835575,36.87175623592032,0
0.0,0.0,0.0780931838458328,28.042909634390856,27.486230929154598,0
0.0,0.0,0.0896474245710654,24.66594155982109,38.842376057754485,0
0.0,0.0,0.094544504172016,33.06818950249735,27.48627840384317,0
0.0,0.0,0.1146661568961311,28.5213680956296,35.8190920363889,0
0.0,0.0,0.0827665639077245,35.14289997296215,31.37651988665266,0
0.0,0.0,0.1262562111495663,36.25825859469798,46.257902168130656,0
0.0,0.0,0.0752782670756128,32.77679181491623,35.52566076013201,0
0.0,0.0,0.109675856602586,30.617422601156505,38.927106805632135,0
0.0,0.0,0.0986123042194678,37.20437722963239,40.16542462391508,0
0.0,0.0,0.107735338315773,26.25475407487757,37.7077833867115,0
0.0,0.0,0.0812517655874409,36.01799482294035,35.0376761699326,0
0.0,0.0,0.0717567348070188,34.72849015374187,34.9736413957685,0
0.0,0.0,0.0844787391275745,24.85948922910555,28.10198547144364,0
0.0,0.0,0.1275745075702791,39.84920067878248,28.54941813152793,0
0.0,0.0,0.079129829987978,30.056190433910363,42.2039030728558,0
0.0,0.0,0.0845989178328152,36.07387844230879,31.23106683160983,0
0.0,0.0,0.0861271238538236,24.234607384984468,40.54672377034303,0
0.0,0.0,0.0967784061840585,35.08276325807249,43.402041792807765,0
0.0,0.0,0.1209997473873905,33.26267011668074,25.916827984236704,0
0.0,0.0,0.0709998175076003,43.91520753308665,41.41996319280939,0
0.0,0.0,0.0774573988193747,37.53130620393278,40.983625113677846,0
0.0,0.0,0.1029813178339244,28.229938599959887,42.21132511872467,0
0.0,0.0,0.078005340888904,37.78336196757765,36.47209129189476,0
0.0,0.0,0.0969463316236894,36.77028506851917,33.00689918248219,0
0.0,0.0,0.1039420008060441,41.97529158831561,41.516352949627255,0
0.0,0.0,0.0862252273050387,31.309961038686343,46.37323411201063,0
0.0,0.0,0.1251971822920958,24.10231341111888,39.199231420023104,0
0.0,0.0,0.1186416536284427,25.044766700817814,42.91255209294541,0
0.0,0.0,0.0736469318929394,32.436491326048184,46.55911690694995,0
0.0,0.0,0.125282661096489,29.5425846177679,38.68205426681785,0
0.0,0.0,0.0710481344190121,43.58795504370861,29.59620380942195,0
0.0,0.0,0.0782938259167985,31.272456140820974,46.97202061183988,0
0.0,0.0,0.1060154236852559,24.748757826208298,34.879757341677816,0
0.0,0.0,0.108168630702248,31.384257126247704,33.19001506707846,0
0.0,0.0,0.0732678184005159,39.09738173252823,43.97257326417942,0
0.0,0.0,0.0707156686653024,34.908765118717774,40.13124518566115,0
0.0,0.0,0.0775177083086231,35.7346455445858,27.89322742733424,0
0.0,0.0,0.1042739832070412,30.560491099261043,47.68250296020982,0
0.0,0.0,0.1089808463984628,29.86560301079344,32.333583275993426,0
0.0,0.0,0.0795862303059208,34.99546232817715,41.77587332879149,0
0.0,0.0,0.0988717082991804,30.60375913728853,34.60236109834864,0
0.0,0.0,0.0936080305793054,27.616904252559124,28.58258936106505,0
0.0,0.0,0.1039755266794794,31.018097198283485,47.50378602905061,0
0.0,0.0,0.0856565916077403,27.06048639398524,46.219777313093495,0
0.0,0.0,0.1142700715628333,31.757937877289407,34.60004219768228,0
0.0,0.0,0.0906685312529785,39.612634902352085,31.58049322410609,0
0.0,0.0,0.1157757857511521,40.09167332399429,30.73627063114534,0
0.0,0.0,0.0873219107600157,42.947276335754005,34.5600609605312,0
0.0,0.0,0.1016603422438778,36.96901717593497,37.02220004891377,0
0.0,0.0,0.0976166179019152,31.18434223643744,40.97614997085077,0
0.0,0.0,0.0887707913131227,43.356006714727215,27.16109567905857,0
0.0,0.0,0.1015108847245149,34.110153389532215,28.096690389539567,0
0.0,0.0,0.0906700717630685,40.09671623231542,38.66397828222783,0
0.0,0.0,0.0912116767932645,36.61582027120708,37.48966793028036,0
0.0,0.0,0.0942464392458115,26.059752501352065,46.97483732765281,0
0.0,0.0,0.1184126914322088,39.53981978685423,40.75303311336971,0
0.0,0.0,0.1209270321240146,25.833305046333123,33.258217477330064,0
0.0,0.0,0.0901353381102307,26.524142793138974,46.0422782681754,0
0.0,0.0,0.1206445787994266,41.31527129774429,40.88353624369044,0
0.0,0.0,0.107795503849174,43.43457207085063,36.81969403256371,0
0.0,0.0,0.0785225240529517,40.80523668687743,34.01392586435708,0
0.0,0.0,0.0984498785504466,34.56965891208124,38.58324489404305,0
0.0,0.0,0.12803935635899,31.66479630585274,29.239772515446,0
0.0,0.0,0.1271981157853766,39.515916977688576,46.88881675532842,0
0.0,0.0,0.0895102133692976,41.87877756355468,46.92810488982165,0
0.0,0.0,0.0984787292336955,27.43649847210857,31.406903340194155,0
0.0,0.0,0.0854648982075214,29.213118616884447,42.1088220967802,0
0.0,0.0,0.1173744360578774,37.212385099512005,36.215010406461424,0
0.0,0.0,0.0982160630037271,39.32330370684807,33.44603819864753,0
0.0,0.0,0.0943135409596689,34.25305214461437,30.47128409139967,0
0.0,0.0,0.081655609098844,25.360794040470125,46.75513149800432,0
0.0,0.0,0.082210677727315,43.51130582343155,37.97569617475043,0
0.0,0.0,0.1013372130046205,32.20000703755746,37.42869710580051,0
0.0,0.0,0.1144107171453013,37.6498284698723,38.34911015343367,0
0.0,0.0,0.1047715537036239,35.24272741766904,35.85515722872088,0
0.0,0.0,0.1087763881252337,26.26239206074829,42.63165700347135,0
0.0,0.0,0.1198611309669542,28.06505746535283,31.31224154056248,0
0.0,0.0,0.1114422750804074,30.1681274239094,32.634207384915456,0
0.0,0.0,0.0919460878179272,44.07449276707605,47.94604500050679,0
0.0,0.0,0.127057832735578,33.93632531847456,27.911330554188552,0
0.0,0.0,0.1232879334215929,27.52576253919553,36.40085827136541,0
0.0,0.0,0.108636541937825,41.5955018952225,34.63841939881527,0
0.0,0.0,0.1148639087645906,30.53803024099196,29.47013178062957,0
0.0,0.0,0.0704305971100859,27.07154828182847,41.06497598738297,0
0.0,0.0,0.0712436746219132,28.48372688768129,45.84743672533192,0
0.0,0.0,0.0907761215186937,28.5571795449402,35.8797016484293,0
0.0,0.0,0.1290879735031469,23.91392445026353,37.09290141504811,0
0.0,0.0,0.1200837792793224,41.19236037038667,36.72201068320807,0
0.0,0.0,0.1272607848377232,40.11963014839242,37.7754097393289,0
0.0,0.0,0.0712963356147082,29.60535657571848,44.90951490065208,0
0.0,0.0,0.1018960563721795,33.47722371660206,46.8992595558958,0
0.0,0.0,0.1062538189206878,43.96274014092335,30.82838307197928,0
0.0,0.0,0.07787013045791,28.749416780326023,36.30870231484808,0
0.0,0.0,0.1003373805547558,35.245393662920094,26.079924292563344,0
0.0,0.0,0.0754022580554158,31.56417999751194,29.644534205227743,0
0.0,0.0,0.0730216804490214,25.950666165481728,30.17776686857767,0
0.0,0.0,0.0741993747597382,25.577738294489546,43.30260797925215,0
0.0,0.0,0.1277422068757695,23.8433518242804,43.50558394044864,0
0.0,0.0,0.1284547655153741,42.1466113838926,27.62553730978331,0
0.0,0.0,0.1003692754975832,32.96276632525094,33.15574794429422,0
0.0,0.0,0.110995181985913,25.402154790406783,45.9782813796089,0
0.0,0.0,0.0761715900501323,31.903203903821385,39.1211480724015,0
0.0,0.0,0.1170124608266625,32.145526868476324,35.32597040717842,0
0.0,0.0,0.1016676552416926,37.09604804744519,34.960023246683846,0
0.0,0.0,0.0987830594914367,31.81213305042179,40.253844280658406,0
0.0,0.0,0.080424851074307,38.17714280627658,34.602310527294094,0
0.0,0.0,0.1283772277494915,29.98027067145908,43.20162069149476,0
0.0,0.0,0.0852480241286347,32.65621009953506,28.590450350738895,0
0.0,0.0,0.1158279141534767,30.10094582447731,32.62160120824863,0
0.0,0.0,0.0723811527609172,31.658246122510945,41.56719414768091,0
0.0,0.0,0.0885662010676466,39.4940782919507,37.41294862980313,0
0.0,0.0,0.0806109441001931,41.61371276394653,32.98202587741863,0
0.0,0.0,0.1009971674873981,41.86594255760696,29.56470071474069,0
0.0,0.0,0.0732385208562671,33.04426058681291,42.13343147092696,0
0.0,0.0,0.0904151133402197,30.108235484928763,42.97422652036892,0
0.0,0.0,0.1140390691309699,32.197737194338856,29.7915777609441,0
0.0,0.0,0.1090292640236082,37.22249530581188,38.93546210975225,0
0.0,0.0,0.1194475694315956,34.26071499199523,37.29176921146132,0
0.0,0.0,0.1033568480908911,27.617271997133063,30.646197743017687,0
0.0,0.0,0.1183277036234744,33.060346841598744,26.933144451190387,0
0.0,0.0,0.0768950676120042,43.21332171597314,41.89215141900558,0
0.0,0.0,0.1267293069819381,24.837754858100357,26.649597414082127,0
0.0,0.0,0.0921557429073218,41.72037151478622,46.5872273212671,0
0.0,0.0,0.07458579581543,43.73048194824349,45.67603945733421,0
0.0,0.0,0.0949648253772301,29.80603014677117,29.06136228843127,0
0.0,0.0,0.0811532966827308,37.08623560077809,40.89128614040946,0
0.0,0.0,0.1166544366115468,29.09356678305057,26.04450529661688,0
0.0,0.0,0.1283274779124912,40.70998206773119,46.5589526555649,0
0.0,0.0,0.0907760287488817,35.90139014599131,32.6538399693143,0
0.0,0.0,0.1036678465001873,28.86770399960934,38.04649389365672,0
0.0,0.0,0.1274923669949192,42.38901845792289,33.20959722109183,0
0.0,0.0,0.10424627786036,37.27533709421395,37.65796540474265,0
0.0,0.0,0.0830013241033668,33.15529411392688,43.841954793866655,0
0.0,0.0,0.0963165315346013,33.68463972449575,26.721817428227173,0
0.0,0.0,0.1077147724479207,35.87838146686863,26.264450192633987,0
0.0,0.0,0.0830203577760427,43.74116664390058,39.87162333045352,0
0.0,0.0,0.1269759980720696,35.794544016646626,36.474056086278125,0
0.0,0.0,0.0979689294208276,43.7767814265159,35.42507971528679,0
0.0,0.0,0.1124798399882959,24.657815230478512,27.96632277333121,0
0.0,0.0,0.0992872011231774,40.63355912214032,46.07861410907651,0
0.0,0.0,0.0959701297973218,24.82125603367392,44.03169282707094,0
0.0,0.0,0.1095938870552321,40.18346544104464,32.56140347823864,0
0.0,0.0,0.1065554363124907,39.111165129823895,33.75313885888914,0
0.0,0.0,0.0863274267094442,40.28615019169632,43.74673224172157,0
0.0,0.0,0.1110995578283012,32.20578377484393,30.61878193223536,0
0.0,0.0,0.0965479361840384,41.58485290909108,41.95646803197594,0
0.0,0.0,0.0846190321551427,35.850935856356244,26.647565030617702,0
0.0,0.0,0.1134034080549867,39.57364099486776,26.373886570413347,0
0.0,0.0,0.1110443777612424,35.881715883198986,47.60669232297711,0
0.0,0.0,0.077204869136348,40.57646155397568,46.11107749890554,0
0.0,0.0,0.1181952667086332,27.35700969357579,26.86106572476269,0
0.0,0.0,0.1128305731817327,30.87423995497444,38.85523097231568,0
0.0,0.0,0.077671822634335,25.712256294056104,32.21295969025647,0
0.0,0.0,0.0780483129422253,37.36926076174369,26.61247692013657,0
0.0,0.0,0.0814061215886322,25.398209968477325,34.944812094514816,0
0.0,0.0,0.1200553389076569,35.20291223034723,41.85292379923656,0
0.0,0.0,0.0861953481962828,43.76047331560657,27.51644815570655,0
0.0,0.0,0.0947749643952378,33.36971594740408,33.26245900533409,0
0.0,0.0,0.0939116886231769,32.56441644086284,46.910472967467605,0
0.0,0.0,0.1185142942951111,24.51060980950075,33.80049035267914,0
0.0,0.0,0.0738839987221804,34.39839471737605,30.55766487996582,0
0.0,0.0,0.1283354347252399,41.55400212642032,40.347696408474846,0
0.0,0.0,0.0744554449077564,35.92516934029725,42.15757580479988,0
0.0,0.0,0.1278867997244862,25.31255324816631,33.12394663636804,0
0.0,0.0,0.0886659655174965,29.983072279271163,30.59781255439469,0
0.0,0.0,0.1148117376429441,32.285644074356874,39.58233850807287,0
0.0,0.0,0.0921249839492362,23.984467291005508,26.248296843812003,0
0.0,0.0,0.1260344250836359,38.50822610693733,29.07964101779152,0
0.0,0.0,0.121574989325752,29.406232511326778,46.01927016779807,0
0.0,0.0,0.099135314389808,42.6795028750155,36.34923473895084,0
0.0,0.0,0.0906308268629541,30.20762052757781,31.46238984815607,0
0.0,0.0,0.1106040963243001,39.23799838474343,32.31309706782466,0
0.0,0.0,0.0728285659700379,27.33989220709598,27.79453384420694,0
0.0,0.0,0.0962750816015803,26.732839728599103,29.990568075599874,0
0.0,0.0,0.0997190548259373,42.33276219222035,32.333031092752485,0
0.0,0.0,0.1002937368101897,40.88733138144708,41.620609253757095,0
0.0,0.0,0.1192255467578441,41.58636834069767,37.79678626210016,0
0.0,0.0,0.0952345551315883,25.631291996230463,41.58964997015721,0
0.0,0.0,0.1030747233909475,27.13814332463905,29.217011049692125,0
0.0,0.0,0.0913388446296956,40.78516893731738,33.03406297567634,0
0.0,0.0,0.1046373440745242,39.059902728829485,42.56546098662592,0
0.0,0.0,0.0720728635442058,38.95064070949736,39.67083999839947,0
0.0,0.0,0.1146911809068066,25.961034758822308,43.322914084042665,0
0.0,0.0,0.112169177020037,33.39870395895068,45.49509344779374,0
0.0,0.0,0.1242272566427798,34.07619129649504,35.82921787827425,0
0.0,0.0,0.1055267804133858,32.52962587405635,37.31736061263189,0
0.0,0.0,0.1235060025764725,41.30054821806905,28.32414540883567,0
0.0,0.0,0.1282865030558299,36.810542768302376,38.85404154287682,0
0.0,0.0,0.1297704195768756,38.33900742291786,33.1375153985166,0
0.0,0.0,0.070417306353843,31.30172844531642,45.06759057151852,0
0.0,0.0,0.079956800560797,25.54455429378092,31.004447523981487,0
0.0,0.0,0.1030934220792574,32.687850077793314,42.52610105251413,0
0.0,0.0,0.125630719200168,34.990032622647824,33.99510123667417,0
0.0,0.0,0.0722008023226096,29.4364761857798,43.21069263225761,0
0.0,0.0,0.0964263311770133,38.41579811201033,29.071742916678563,0
0.0,0.0,0.0840732523928895,26.30469130554144,34.6422506887493,0
0.0,0.0,0.0947001394464718,30.580419715428604,39.66362955760626,0
0.0,0.0,0.1118643800029771,40.50392413208931,47.41980292306613,0
0.0,0.0,0.0918604845448823,28.217649536827,46.86780079750819,0
0.0,0.0,0.086054727704077,24.94399992823945,32.210531782371746,0
0.0,0.0,0.0827401789505657,40.91657305680609,28.72624884310023,0
0.0,0.0,0.0978569835176817,32.42242697704992,47.75365285177069,0
0.0,0.0,0.0871156742731789,29.924575817073805,38.5023818896044,0
0.0,0.0,0.0931680200895728,31.77101485626273,33.84831128052262,0
0.0,0.0,0.075072956619075,43.60029210296341,37.31500289550744,0
0.0,0.0,0.1222881441529087,24.62779462481617,41.61066667500303,0
0.0,0.0,0.1244107209978118,39.95821064794929,43.69555079464621,0
0.0,0.0,0.1135105737887182,26.906432368287582,40.359291811388886,0
0.0,0.0,0.1229214651611938,31.38431295301741,47.40612358153847,0
0.0,0.0,0.1093362429328333,44.10253446186954,33.29783300418863,0
0.0,0.0,0.0940681134557269,40.594634412560055,48.07013509493083,0
0.0,0.0,0.0753096314490471,38.46094745862492,33.2813256731589,0
0.0,0.0,0.0729150473736198,27.023969122720302,32.34195854849185,0
0.0,0.0,0.109889838318896,39.430153226150345,34.46436587023572,0
0.0,0.0,0.0900538295703794,38.8507298589421,39.73651908400824,0
0.0,0.0,0.123548962121105,33.65407022654215,33.863999172332434,0
0.0,0.0,0.0944252879824806,27.65848479043378,43.61456831869499,0
0.0,0.0,0.0752606485844272,29.21752074724624,42.0708837508646,0
0.0,0.0,0.1147787342380575,25.05328158741932,26.405305451511257,0
0.0,0.0,0.0935167192797626,35.996818199358565,36.90095231453173,0
0.0,0.0,0.0814750480752351,36.471408130108905,38.94246693658679,0
0.0,0.0,0.1294551270642446,29.980930772189737,38.48516052497872,0
0.0,0.0,0.1157396011840981,41.57139525384369,42.766696304804455,0
0.0,0.0,0.0821680830227644,37.71046425974112,38.701448347891954,0
0.0,0.0,0.1261563831347281,37.62148786551446,28.78868677460415,0
0.0,0.0,0.0829628294327295,40.29730042068012,40.67930910118013,0
0.0,0.0,0.1277269476749267,42.84923374875655,46.64014532340708,0
0.0,0.0,0.1171186102273614,41.41368633250717,30.788569949067707,0
0.0,0.0,0.0820908748051756,29.27560284295227,43.00977526993287,0
0.0,0.0,0.0925526646623684,30.884546397714114,42.97084089780392,0
0.0,0.0,0.1255310791692935,34.95391189369828,29.45466404637046,0
0.0,0.0,0.102290152099794,26.07489930514149,29.569370179071907,0
0.0,0.0,0.082679681787643,43.13671355188627,41.11105830892072,0
0.0,0.0,0.1055280306287325,37.0045492905078,27.69244463122384,0
0.0,0.0,0.10123610689506,41.5609082646979,38.96742975112208,0
0.0,0.0,0.080295299799047,27.984164357682573,31.618194906186105,0
0.0,0.0,0.1102378760094041,43.92006303629187,31.132106698026337,0
0.0,0.0,0.1251067797634758,26.758190017015373,43.10243444245097,0
0.0,0.0,0.0855505863213803,30.170005030185035,44.45049385460365,0
0.0,0.0,0.0905770065391108,28.93457271498641,44.25091666340518,0
0.0,0.0,0.091524280547618,38.046347500444206,31.744429286591803,0
0.0,0.0,0.1136190181630471,35.19041542770251,30.336484412147023,0
0.0,0.0,0.078987672805519,29.06904654107216,30.28478294674417,0
0.0,0.0,0.0954309844522739,44.163857140876814,34.73975240889427,0
0.0,0.0,0.1213601383523459,24.05395831193876,47.58744383595256,0
0.0,0.0,0.0799477950698581,34.87341049174679,39.3512996921317,0
0.0,0.0,0.1227071079444774,36.67699813607008,47.44415106190612,0
0.0,0.0,0.0918230458359911,35.017986879779365,28.416793121178927,0
0.0,0.0,0.0897932971306201,28.7249821995577,27.023089028646925,0
0.0,0.0,0.0903045480896795,42.34784503186687,32.39054513940648,0
0.0,0.0,0.1121767820558668,28.61285051070023,32.69012255779407,0
0.0,0.0,0.1277189308319694,31.30600599563805,42.26844676537129,0
0.0,0.0,0.1196535735393126,42.30455779182221,35.07343675265534,0
0.0,0.0,0.0791266302329896,26.29474829479456,33.39018705334996,0
0.0,0.0,0.0757492205059686,43.80000485020443,35.81194101799756,0
0.0,0.0,0.1160339575669814,33.76978528488751,35.10469249007423,0
0.0,0.0,0.0964763018329731,29.618875250432097,46.42055009933422,0
0.0,0.0,0.1015181306049037,26.916263373977493,46.62082369665664,0
0.0,0.0,0.1114698454283958,35.0811367068537,25.967033266116932,0
0.0,0.0,0.0979469760104832,33.59371044120775,27.495694364700206,0
0.0,0.0,0.1011136547088993,43.14362630750223,42.78454597096307,0
0.0,0.0,0.112555382437463,41.75844765027509,43.91286115732155,0
0.0,0.0,0.0876436459261798,27.14199596863632,38.40099759181652,0
0.0,0.0,0.088606077834074,33.88828943246236,35.391868962806534,0
0.0,0.0,0.1172646245909615,25.228798369201087,31.010949925740192,0
0.0,0.0,0.0845488884492547,26.65964893928893,46.92003073505128,0
0.0,0.0,0.1007140087103456,41.10116617830317,45.57488278309036,0
0.0,0.0,0.1152240176198139,38.25161174845216,36.49352576831281,0
0.0,0.0,0.1052479092932254,34.138046363097935,34.69669558348866,0
0.0,0.0,0.1226565672747646,33.13397454146145,28.95507922536027,0
0.0,0.0,0.119864155041148,26.548122507298466,25.976133340734656,0
0.0,0.0,0.0987685438270741,34.10426689768454,42.9435407425632,0
0.0,0.0,0.0966269660793717,39.17186996934908,36.94929214914757,0
0.0,0.0,0.1011087779068063,31.978025067768776,38.77501975171393,0
0.0,0.0,0.0887468086974543,38.170745362946114,37.960911433380055,0
0.0,0.0,0.0931461776977203,38.89646392263018,43.13395700122023,0
0.0,0.0,0.1029837366335252,37.55583457003355,47.66313781980953,0
0.0,0.0,0.0774316058504957,27.50504646211918,27.47170228146244,0
0.0,0.0,0.0700688154095,41.632350676757866,30.278794658226285,0
0.0,0.0,0.0862420522887536,32.58124637043271,27.16931652515001,0
0.0,0.0,0.0908569742961673,37.44641529107293,34.479146116401395,0
0.0,0.0,0.12882823214761,34.64391977818718,34.44205239142917,0
0.0,0.0,0.1065335644326749,24.91490920681934,28.860994760868778,0
0.0,0.0,0.0932671279150494,42.09010298488683,46.87950132459325,0
0.0,0.0,0.1039814052379123,24.20637309356131,40.98696096921863,0
0.0,0.0,0.1090919362190002,34.29212398295374,28.036271044448583,0
